{
  "Routes": [
    {
      "DownstreamPathTemplate": "/api/sensors",
      "DownstreamScheme": "http",
      "DownstreamHostAndPorts": [
        {
          "Host": "sensor.api",
          "Port": 80
        }
      ],
      "UpstreamPathTemplate": "/sensors",
      "UpstreamHttpMethod": [ "Get", "Post" ],
      "AuthenticationOptions": {
        "AuthenticationProviderKey": "Bearer",
        "AllowedScopes": []
      }
    },
    {
      "DownstreamPathTemplate": "/api/sensors/{id}",
      "DownstreamScheme": "http",
      "DownstreamHostAndPorts": [
        {
          "Host": "sensor.api",
          "Port": 80
        }
      ],
      "UpstreamPathTemplate": "/sensors/{id}",
      "UpstreamHttpMethod": [ "Get", "Put", "Delete" ],
      "AuthenticationOptions": {
        "AuthenticationProviderKey": "Bearer",
        "AllowedScopes": []
      }
    },

    {
      "DownstreamPathTemplate": "/api/records",
      "DownstreamScheme": "http",
      "DownstreamHostAndPorts": [
        {
          "Host": "sensor.api",
          "Port": 80
        }
      ],
      "UpstreamPathTemplate": "/records",
      "UpstreamHttpMethod": [ "Get", "Post", "Delete" ],
      "AuthenticationOptions": {
        "AuthenticationProviderKey": "Bearer",
        "AllowedScopes": []
      }
    },
    {
      "DownstreamPathTemplate": "/api/records/{id}",
      "DownstreamScheme": "http",
      "DownstreamHostAndPorts": [
        {
          "Host": "sensor.api",
          "Port": 80
        }
      ],
      "UpstreamPathTemplate": "/records/{id}",
      "UpstreamHttpMethod": [ "Get", "Put", "Delete" ],
      "AuthenticationOptions": {
        "AuthenticationProviderKey": "Bearer",
        "AllowedScopes": []
      }
    },

    {
      "DownstreamPathTemplate": "/api/profiles",
      "DownstreamScheme": "http",
      "DownstreamHostAndPorts": [
        {
          "Host": "profile.api",
          "Port": 80
        }
      ],
      "UpstreamPathTemplate": "/profiles",
      "UpstreamHttpMethod": [ "Get", "Post" ],
      "AuthenticationOptions": {
        "AuthenticationProviderKey": "Bearer",
        "AllowedScopes": []
      }
    },
    {
      "DownstreamPathTemplate": "/api/profiles/{id}",
      "DownstreamScheme": "http",
      "DownstreamHostAndPorts": [
        {
          "Host": "profile.api",
          "Port": 80
        }
      ],
      "UpstreamPathTemplate": "/profiles/{id}",
      "UpstreamHttpMethod": [ "Get", "Put", "Delete" ],
      "AuthenticationOptions": {
        "AuthenticationProviderKey": "Bearer",
        "AllowedScopes": []
      }
    },

    {
      "DownstreamPathTemplate": "/api/accounts",
      "DownstreamScheme": "http",
      "DownstreamHostAndPorts": [
        {
          "Host": "identity.api",
          "Port": 80
        }
      ],
      "UpstreamPathTemplate": "/accounts",
      "UpstreamHttpMethod": [ "Get" ],
      "AuthenticationOptions": {
        "AuthenticationProviderKey": "Bearer",
        "AllowedScopes": []
      }
    },
    {
      "DownstreamPathTemplate": "/api/accounts/{login}",
      "DownstreamScheme": "http",
      "DownstreamHostAndPorts": [
        {
          "Host": "identity.api",
          "Port": 80
        }
      ],
      "UpstreamPathTemplate": "/accounts/{login}",
      "UpstreamHttpMethod": [ "Post" ]
    },
    {
      "DownstreamPathTemplate": "/api/accounts/{register}",
      "DownstreamScheme": "http",
      "DownstreamHostAndPorts": [
        {
          "Host": "identity.api",
          "Port": 80
        }
      ],
      "UpstreamPathTemplate": "/accounts/{register}",
      "UpstreamHttpMethod": [ "Post" ]
    },
    {
      "DownstreamPathTemplate": "/api/accounts/{id}",
      "DownstreamScheme": "http",
      "DownstreamHostAndPorts": [
        {
          "Host": "identity.api",
          "Port": 80
        }
      ],
      "UpstreamPathTemplate": "/accounts/{id}",
      "UpstreamHttpMethod": [ "Get", "Put" ],
      "AuthenticationOptions": {
        "AuthenticationProviderKey": "Bearer",
        "AllowedScopes": []
      }
    },

    {
      "DownstreamPathTemplate": "/api/reports",
      "DownstreamScheme": "http",
      "DownstreamHostAndPorts": [
        {
          "Host": "report.api",
          "Port": 80
        }
      ],
      "UpstreamPathTemplate": "/reports",
      "UpstreamHttpMethod": [ "Get", "Post" ],
      "AuthenticationOptions": {
        "AuthenticationProviderKey": "Bearer",
        "AllowedScopes": []
      }
    },
    {
      "DownstreamPathTemplate": "/api/reports/{id}",
      "DownstreamScheme": "http",
      "DownstreamHostAndPorts": [
        {
          "Host": "report.api",
          "Port": 80
        }
      ],
      "UpstreamPathTemplate": "/reports/{id}",
      "UpstreamHttpMethod": [ "Get", "Put", "Delete" ],
      "AuthenticationOptions": {
        "AuthenticationProviderKey": "Bearer",
        "AllowedScopes": []
      }
    },

    {
      "DownstreamPathTemplate": "/api/dataprocessor",
      "DownstreamScheme": "http",
      "DownstreamHostAndPorts": [
        {
          "Host": "dataprocessor_1.api",
          "Port": 80
        }
      ],
      "UpstreamPathTemplate": "/dataprocessor_1",
      "UpstreamHttpMethod": [ "Post" ],
      "AuthenticationOptions": {
        "AuthenticationProviderKey": "Bearer",
        "AllowedScopes": []
      }
    },

    {
      "DownstreamPathTemplate": "/api/dataprocessor",
      "DownstreamScheme": "http",
      "DownstreamHostAndPorts": [
        {
          "Host": "dataprocessor_2.api",
          "Port": 80
        }
      ],
      "UpstreamPathTemplate": "/dataprocessor_2",
      "UpstreamHttpMethod": [ "Post" ],
      "AuthenticationOptions": {
        "AuthenticationProviderKey": "Bearer",
        "AllowedScopes": []
      }
    }
  ],

  "GlobalConfiguration": {
    "UseServiceDiscovery": false
  }
}